#Pdb,Mutation(s),Activity,Activity enhancement,2x activity enhancement
1bui_A_C,"EC38A,EC75A",66,False,False
1bui_A_C,KC74A,100,False,False
1bui_A_C,EC75A,140,True,False
1bui_A_C,SC16A,160,True,False
1bui_A_C,"YC17A,FC18A",30,False,False
1bui_A_C,"EC19A,PC20A",9,False,False
1bui_A_C,TC21A,170,True,False
1bui_A_C,PC23A,67,False,False
1bui_A_C,YC24A,40,False,False
1bui_A_C,VC27A,50,False,False
1bui_A_C,NC28A,5,False,False
1bui_A_C,"NC28A,VC29A",45,False,False
1bui_A_C,TC30A,140,True,False
1bui_A_C,VC32A,45,False,False
1bui_A_C,GC36A,72,False,False
1bui_A_C,NC37A,110,False,False
1bui_A_C,"LC39A,LC40A",5,False,False
1bui_A_C,"SC41A,PC42A",48,False,False
1bui_A_C,HC43A,69,False,False
1bui_A_C,"HC43A,YC44A",5,False,False
1bui_A_C,VC45A,5,False,False
1bui_A_C,FC47A,5,False,False
1bui_A_C,LC68A,93,False,False
1bui_A_C,YC73A,5,False,False
1bui_A_C,"YC73A,KC74A",5,False,False
1bui_A_C,KC74A,69,False,False
1bui_A_C,FC76A,90,False,False
1bui_A_C,VC89A,87,False,False
1bui_A_C,TC90A,120,False,False
1bui_A_C,YC91A,53,False,False
1bui_A_C,YC92A,120,False,False
1bui_A_C,EC99A,42,False,False
1bui_A_C,TC101A,85,False,False
1bui_A_C,KC102A,89,False,False
1bui_A_C,"HC119A,KC121A",130,False,False
1bui_A_C,IC120A,75,False,False
1bui_A_C,NC122A,19,False,False
1bui_A_C,FC125A,10,False,False
1bui_A_C,NC126V,51,False,False
1bui_A_C,LC127A,54,False,False
1bui_A_C,IC128A,20,False,False
1bui_A_C,TC129A,190,True,False
1bui_A_C,KC130A,280,True,True
1bui_A_C,IC133A,99,False,False
1bui_A_C,KC135A,410,True,True
1bui_A_C,GC36E,66,False,False
1bui_A_C,GC36K,88,False,False
1bui_A_C,GC36L,92,False,False
1bui_A_C,GC36N,91,False,False
1bui_A_C,GC36Q,92,False,False
1bui_A_C,GC36R,100,False,False
1bui_A_C,HC43R,120,False,False
1bui_A_C,"GC36R,KC74A",35,False,False
1bui_A_C,"GC36R,KC74R",150,True,False
1bui_A_C,"GC36R,KC74A,KC135R",33,False,False
1bui_A_C,"GC36R,KC74R,KC135R",75,False,False
1bui_A_C,YC73F,31,False,False
1bui_A_C,YC73H,5,False,False
1bui_A_C,YC73L,5,False,False
1bui_A_C,YC73S,5,False,False
1bui_A_C,YC73W,27,False,False
1bui_A_C,KC74E,5,False,False
1bui_A_C,KC74N,39,False,False
1bui_A_C,KC74Q,110,False,False
1bui_A_C,KC74R,150,True,False
1bui_A_C,KC130T,290,True,True
1bui_A_C,KC135F,64,False,False
1bui_A_C,KC135R,230,True,False
1bui_A_C,"YC73F,KC74A",6,False,False
1bui_A_C,"KC130T,KC135R",280,True,True
1bui_A_C,"GC36R,KC130T,KC135R",220,True,False
1bui_A_C,"KC74R,KC130T,KC135R",310,True,True
1bui_A_C,"KC74Q,KC130T,KC135R",190,True,False
1bui_A_C,"GC36R,KC74R,KC130T,KC135R",210,True,False
1bui_A_C,"GC36R,KC74Q,KC130T,KC135R",120,False,False
1bui_A_C,"GC36R,HC43R,KC74R,KC130T,KC135R",160,True,False
1bui_A_C,"KC74Q,KC86A,KC130T,KC135R",130,False,False
1bui_A_C,"KC74Q,KC130A,KC135R",240,True,False
1bui_A_C,"KC74Q,KC130E,KC135R",300,True,True
1bui_A_C,KC102C,143,True,False